full_name,email
Ashley Mitchell,amitchell0@chronoengine.com
Lois Stanley,lstanley1@netvibes.com
Sean Brown,sbrown2@google.es
Jane Fox,jfox3@nasa.gov
Thomas Shaw,tshaw4@globo.com
Joseph Taylor,jtaylor5@technorati.com
Wayne Austin,waustin6@icio.us
Samuel Larson,slarson7@census.gov
Eric Wood,ewood8@sphinn.com
Lori Miller,lmiller9@epa.gov
Howard Robinson,hrobinsona@berkeley.edu
Joseph Ruiz,jruizb@sphinn.com
Albert Duncan,aduncanc@netvibes.com
Patrick Myers,pmyersd@eventbrite.com
Scott Harris,sharrise@friendfeed.com
Kevin Moreno,kmorenof@discovery.com
Scott Carroll,scarrollg@google.com.au
Wayne Matthews,wmatthewsh@ca.gov
Linda Austin,laustini@usatoday.com
Sara Robinson,srobinsonj@smugmug.com
Ann Ray,arayk@xrea.com
Craig Russell,crusselll@sciencedaily.com
Gerald Diaz,gdiazm@webnode.com
Juan Perry,jperryn@toplist.cz
Adam Washington,awashingtono@nsw.gov.au
Jessica White,jwhitep@infoseek.co.jp
Dennis Lawson,dlawsonq@time.com
Louis Austin,laustinr@washington.edu
Joyce Meyer,jmeyers@phpbb.com
Sharon Porter,sportert@a8.net
Wayne Tucker,wtuckeru@slate.com
Brian Martin,bmartinv@plala.or.jp
Amanda Gomez,agomezw@twitpic.com
Thomas Ryan,tryanx@imgur.com
Lisa Arnold,larnoldy@cisco.com
Gary Carr,gcarrz@ehow.com
Harold Mccoy,hmccoy10@miitbeian.gov.cn
Cheryl Tucker,ctucker11@apache.org
Patrick Butler,pbutler12@ox.ac.uk
Evelyn Little,elittle13@exblog.jp
Paul Hunt,phunt14@sun.com
Kelly Fuller,kfuller15@mediafire.com
Elizabeth Carter,ecarter16@cnbc.com
Steve Garza,sgarza17@omniture.com
Shirley Vasquez,svasquez18@gizmodo.com
Brandon Arnold,barnold19@virginia.edu
Sara Peterson,speterson1a@devhub.com
Beverly Scott,bscott1b@parallels.com
Jean Lawson,jlawson1c@joomla.org
Douglas Sanchez,dsanchez1d@purevolume.com
Shawn Ray,sray1e@intel.com
Paula Rice,price1f@ox.ac.uk
Paula Young,pyoung1g@vimeo.com
Nicholas Mccoy,nmccoy1h@dedecms.com
Katherine Lynch,klynch1i@cdbaby.com
Joyce Burns,jburns1j@unesco.org
Louise Sims,lsims1k@soup.io
Anne Bennett,abennett1l@tumblr.com
Ryan Spencer,rspencer1m@army.mil
Henry Bradley,hbradley1n@oakley.com
Kathleen Bradley,kbradley1o@flavors.me
Anne Lee,alee1p@cafepress.com
Mary Wallace,mwallace1q@indiegogo.com
Rachel Gibson,rgibson1r@4shared.com
Paul Payne,ppayne1s@businesswire.com
Johnny Martinez,jmartinez1t@arizona.edu
David Peterson,dpeterson1u@ning.com
Bobby Sanchez,bsanchez1v@google.nl
Margaret Richardson,mrichardson1w@ebay.co.uk
Joseph Fisher,jfisher1x@tamu.edu
Ryan Mason,rmason1y@instagram.com
Chris Cook,ccook1z@flickr.com
Judy Morgan,jmorgan20@bloglovin.com
Jessica Spencer,jspencer21@comsenz.com
Deborah Richards,drichards22@livejournal.com
Albert Olson,aolson23@comsenz.com
Annie Martinez,amartinez24@biblegateway.com
Maria Reynolds,mreynolds25@reverbnation.com
Edward Reed,ereed26@prlog.org
Joyce Richardson,jrichardson27@qq.com
Craig Cook,ccook28@engadget.com
Judy Collins,jcollins29@free.fr
Christine Kelley,ckelley2a@webs.com
Jacqueline Ramos,jramos2b@huffingtonpost.com
Angela Carter,acarter2c@soundcloud.com
Diane Bradley,dbradley2d@nymag.com
Earl Spencer,espencer2e@infoseek.co.jp
Diane Baker,dbaker2f@addtoany.com
Roy Stone,rstone2g@ebay.com
Raymond Burton,rburton2h@bandcamp.com
Arthur Wells,awells2i@bravesites.com
Jonathan Parker,jparker2j@oaic.gov.au
Ruby Reid,rreid2k@loc.gov
Clarence Henderson,chenderson2l@npr.org
Paula Palmer,ppalmer2m@360.cn
Ruby Murray,rmurray2n@earthlink.net
Donna Myers,dmyers2o@weibo.com
Evelyn Hill,ehill2p@vkontakte.ru
Carolyn Mendoza,cmendoza2q@microsoft.com
Joan Riley,jriley2r@flickr.com
Deborah Harrison,dharrison2s@forbes.com
Janice Carroll,jcarroll2t@unblog.fr
Terry Cole,tcole2u@cbc.ca
Sarah Wood,swood2v@usnews.com
Carlos Myers,cmyers2w@theatlantic.com
Donna Griffin,dgriffin2x@google.ca
Nancy Bowman,nbowman2y@wufoo.com
Cheryl Ross,cross2z@instagram.com
Lori Wallace,lwallace30@europa.eu
Julia Day,jday31@umich.edu
Randy Bishop,rbishop32@ifeng.com
Albert Johnston,ajohnston33@trellian.com
Phillip Robertson,probertson34@51.la
Douglas Burke,dburke35@pen.io
Julia Coleman,jcoleman36@bbb.org
Laura Garza,lgarza37@arizona.edu
Christopher Rivera,crivera38@harvard.edu
Dorothy Gardner,dgardner39@intel.com
Arthur Price,aprice3a@indiatimes.com
Nicole Spencer,nspencer3b@salon.com
Shirley Rodriguez,srodriguez3c@barnesandnoble.com
Lawrence Mitchell,lmitchell3d@example.com
Harold Perry,hperry3e@bravesites.com
Lillian Hamilton,lhamilton3f@skyrock.com
Emily Spencer,espencer3g@kickstarter.com
Betty Boyd,bboyd3h@ehow.com
Anthony Ford,aford3i@cmu.edu
Janet White,jwhite3j@ask.com
Chris Washington,cwashington3k@booking.com
Karen Thompson,kthompson3l@ameblo.jp
Janet Grant,jgrant3m@discuz.net
Todd Robinson,trobinson3n@guardian.co.uk
Kevin Kim,kkim3o@intel.com
Jeremy Shaw,jshaw3p@1und1.de
Annie Wallace,awallace3q@github.com
Frances Carr,fcarr3r@issuu.com
Brian Fowler,bfowler3s@vkontakte.ru
Tina Watson,twatson3t@blog.com
Lillian Perry,lperry3u@linkedin.com
Douglas Jones,djones3v@hibu.com
Bobby Stanley,bstanley3w@jimdo.com
Adam Ray,aray3x@ebay.com
Carl Spencer,cspencer3y@scientificamerican.com
Pamela Garcia,pgarcia3z@va.gov
Billy Roberts,broberts40@fastcompany.com
Howard Lawson,hlawson41@t-online.de
Donald Fuller,dfuller42@mediafire.com
Karen Harris,kharris43@rakuten.co.jp
Edward Oliver,eoliver44@goo.ne.jp
Annie Richardson,arichardson45@webs.com
Nicole Lynch,nlynch46@chicagotribune.com
Lillian Boyd,lboyd47@homestead.com
Lillian Ramos,lramos48@wired.com
Kelly Vasquez,kvasquez49@hugedomains.com
Emily Richardson,erichardson4a@dot.gov
Howard Simpson,hsimpson4b@ifeng.com
Bonnie Romero,bromero4c@bizjournals.com
Andrea Kelley,akelley4d@bbb.org
Marilyn Phillips,mphillips4e@quantcast.com
Bobby Bailey,bbailey4f@youtu.be
Linda Williamson,lwilliamson4g@bluehost.com
Martin Carr,mcarr4h@hp.com
Mary Crawford,mcrawford4i@indiegogo.com
Joseph Ramirez,jramirez4j@issuu.com
Gerald Garrett,ggarrett4k@ask.com
Carlos Long,clong4l@aol.com
Tammy Riley,triley4m@scribd.com
Cheryl Webb,cwebb4n@lulu.com
Anthony Morrison,amorrison4o@google.pl
Arthur Perez,aperez4p@msu.edu
Beverly Murray,bmurray4q@edublogs.org
Shirley Olson,solson4r@e-recht24.de
Barbara Clark,bclark4s@statcounter.com
James Woods,jwoods4t@baidu.com
Joan Dunn,jdunn4u@yellowpages.com
Sharon Fields,sfields4v@hhs.gov
Paula Wood,pwood4w@netvibes.com
Amanda Grant,agrant4x@bloglovin.com
Earl Ward,eward4y@dell.com
Robert Rogers,rrogers4z@themeforest.net
Emily Porter,eporter50@hexun.com
Ryan Stewart,rstewart51@t-online.de
Patricia Gomez,pgomez52@springer.com
Ruby Fowler,rfowler53@blogtalkradio.com
Willie Garrett,wgarrett54@phoca.cz
Martha Hunt,mhunt55@angelfire.com
Nicholas King,nking56@live.com
Andrew Bennett,abennett57@domainmarket.com
Joyce Collins,jcollins58@chron.com
Denise Carr,dcarr59@artisteer.com
Jack Robertson,jrobertson5a@mac.com
Robin Vasquez,rvasquez5b@tripod.com
Norma Hughes,nhughes5c@scientificamerican.com
Annie Lee,alee5d@archive.org
Alan Johnston,ajohnston5e@mozilla.org
Angela Ward,award5f@webs.com
Joe Graham,jgraham5g@seesaa.net
Henry George,hgeorge5h@usa.gov
Julie Gonzales,jgonzales5i@ask.com
Sarah Ferguson,sferguson5j@bloglines.com
Norma Mendoza,nmendoza5k@apple.com
Samuel Wood,swood5l@ucla.edu
Catherine Jackson,cjackson5m@spotify.com
Susan Fernandez,sfernandez5n@usgs.gov
Jeremy Taylor,jtaylor5o@spiegel.de
Ralph Burton,rburton5p@posterous.com
Ann Gutierrez,agutierrez5q@independent.co.uk
Heather Hill,hhill5r@independent.co.uk
Douglas Robinson,drobinson5s@pcworld.com
Keith Allen,kallen5t@etsy.com
Randy Perry,rperry5u@abc.net.au
Timothy Mccoy,tmccoy5v@ning.com
Edward Griffin,egriffin5w@google.cn
Janice Martin,jmartin5x@sfgate.com
Margaret Warren,mwarren5y@amazon.com
Kathleen Gonzalez,kgonzalez5z@mashable.com
Tina Lewis,tlewis60@fc2.com
Louise Tucker,ltucker61@answers.com
Jonathan Riley,jriley62@pcworld.com
Helen Alvarez,halvarez63@vinaora.com
Martha Castillo,mcastillo64@gizmodo.com
Shirley Larson,slarson65@jalbum.net
Cheryl Simpson,csimpson66@google.pl
William Armstrong,warmstrong67@ox.ac.uk
Sara Clark,sclark68@acquirethisname.com
Christine Stewart,cstewart69@printfriendly.com
Arthur Hamilton,ahamilton6a@trellian.com
Sara Knight,sknight6b@amazon.co.jp
Joan Robinson,jrobinson6c@behance.net
Ruth Johnson,rjohnson6d@bizjournals.com
Paul Black,pblack6e@java.com
Maria Andrews,mandrews6f@hhs.gov
Dorothy Green,dgreen6g@liveinternet.ru
Ann Sanders,asanders6h@whitehouse.gov
Willie Gomez,wgomez6i@clickbank.net
Norma Bowman,nbowman6j@ted.com
Alice Willis,awillis6k@ca.gov
Jason Gutierrez,jgutierrez6l@qq.com
Douglas Meyer,dmeyer6m@army.mil
Rose Wagner,rwagner6n@ihg.com
Andrew Reyes,areyes6o@reverbnation.com
Peter Willis,pwillis6p@creativecommons.org
Diana Flores,dflores6q@hud.gov
Joe Austin,jaustin6r@cornell.edu
Russell Ross,rross6s@acquirethisname.com
Lawrence Woods,lwoods6t@gizmodo.com
Steve Stanley,sstanley6u@elpais.com
Harry Barnes,hbarnes6v@networkadvertising.org
Larry Bell,lbell6w@blinklist.com
Melissa Carpenter,mcarpenter6x@blogger.com
Gloria Jones,gjones6y@skyrock.com
Mary Hunt,mhunt6z@imgur.com
Ruby Foster,rfoster70@dailymail.co.uk
Martin Robinson,mrobinson71@newyorker.com
Roger Roberts,rroberts72@slideshare.net
Nicole Cruz,ncruz73@posterous.com
Annie Woods,awoods74@furl.net
Janet Moore,jmoore75@theglobeandmail.com
Arthur Evans,aevans76@soundcloud.com
Jennifer Wheeler,jwheeler77@abc.net.au
Patrick Fuller,pfuller78@topsy.com
Douglas Cruz,dcruz79@free.fr
Jacqueline Jenkins,jjenkins7a@wikia.com
Ann Berry,aberry7b@discovery.com
Johnny Ramos,jramos7c@google.co.jp
Roy Wagner,rwagner7d@weibo.com
Harry Hawkins,hhawkins7e@ovh.net
Alice Arnold,aarnold7f@stumbleupon.com
Carol Hunt,chunt7g@quantcast.com
Clarence Dean,cdean7h@google.fr
Ashley Jordan,ajordan7i@weebly.com
Mildred Perry,mperry7j@cloudflare.com
Diana Torres,dtorres7k@bluehost.com
Jason Coleman,jcoleman7l@1688.com
Anthony Moreno,amoreno7m@squarespace.com
Emily Stephens,estephens7n@globo.com
Maria Elliott,melliott7o@comcast.net
Scott Allen,sallen7p@nsw.gov.au
Jimmy Owens,jowens7q@house.gov
Katherine George,kgeorge7r@odnoklassniki.ru
Rebecca Wallace,rwallace7s@usda.gov
Gary Berry,gberry7t@mediafire.com
Katherine Reynolds,kreynolds7u@wp.com
Jason Hernandez,jhernandez7x@google.co.uk
Laura Hawkins,lhawkins7y@photobucket.com
Judy Welch,jwelch7z@springer.com
Donna Murray,dmurray80@skyrock.com
Pamela Burton,pburton81@wix.com
Denise Porter,dporter82@harvard.edu
Donna Lane,dlane83@ebay.com
Ernest Reid,ereid84@furl.net
Shirley Richardson,srichardson85@sakura.ne.jp
Alan Robinson,arobinson86@twitpic.com
Craig James,cjames87@slate.com
Martha Webb,mwebb88@newyorker.com
Eugene Oliver,eoliver89@jiathis.com
Amy Gardner,agardner8a@a8.net
Frances Gomez,fgomez8b@hugedomains.com
Jack Dunn,jdunn8c@cocolog-nifty.com
Johnny Adams,jadams8d@comcast.net
Edward Bell,ebell8e@alexa.com
Irene Nichols,inichols8f@adobe.com
Ryan Powell,rpowell8g@biglobe.ne.jp
Joshua Tucker,jtucker8h@storify.com
Stephen Hart,shart8i@desdev.cn
Mary Lopez,mlopez8j@discuz.net
Edward Sims,esims8k@ycombinator.com
Jerry Carr,jcarr8l@linkedin.com
Juan Hill,jhill8m@a8.net
Gerald Franklin,gfranklin8n@live.com
Nicole Carter,ncarter8o@digg.com
Frances Hunter,fhunter8p@dagondesign.com
Rachel White,rwhite8q@eventbrite.com
Judith Grant,jgrant8r@ebay.com
Norma Elliott,nelliott8s@guardian.co.uk
Lisa Wallace,lwallace8t@newsvine.com
Robert Fuller,rfuller8u@china.com.cn
Ronald Ferguson,rferguson8v@admin.ch
Christine Carpenter,ccarpenter8w@sfgate.com
Harry Carroll,hcarroll8x@usatoday.com
Diane Bowman,dbowman8y@wix.com
Patrick Edwards,pedwards8z@vk.com
Jeremy Reed,jreed90@google.de
Judith Wood,jwood91@reference.com
Richard Pierce,rpierce92@newyorker.com
Richard Hart,rhart93@furl.net
Gloria Lawrence,glawrence94@dot.gov
Teresa Morrison,tmorrison95@wix.com
Arthur Robinson,arobinson96@usa.gov
Sara Shaw,sshaw97@e-recht24.de
Paul Carter,pcarter98@va.gov
Judith Graham,jgraham99@opensource.org
Steven Daniels,sdaniels9a@seattletimes.com
Rachel Mendoza,rmendoza9b@house.gov
Dennis Dean,ddean9c@csmonitor.com
Diane Rice,drice9d@slideshare.net
Ruth Weaver,rweaver9e@pcworld.com
Mildred Black,mblack9f@yale.edu
Gloria Dean,gdean9g@businessinsider.com
Albert Garza,agarza9h@blogspot.com
Louis Sanders,lsanders9i@vkontakte.ru
Howard Hernandez,hhernandez9j@ebay.com
Diana Montgomery,dmontgomery9k@hibu.com
Carl Romero,cromero9l@mapquest.com
Emily Frazier,efrazier9m@ezinearticles.com
Timothy Kelley,tkelley9n@cmu.edu
Jason Burton,jburton9o@topsy.com
Phyllis Washington,pwashington9p@buzzfeed.com
Ryan Crawford,rcrawford9q@npr.org
Matthew Harper,mharper9r@jalbum.net
Carolyn Bell,cbell9s@pbs.org
Lois Richards,lrichards9t@cdc.gov
Anthony Long,along9u@hugedomains.com
Judith Perry,jperry9v@mtv.com
Nicholas Baker,nbaker9w@hud.gov
Marilyn Boyd,mboyd9x@google.fr
Annie Wallace,awallace9y@dion.ne.jp
Adam White,awhite9z@bigcartel.com
Cynthia Welch,cwelcha0@msn.com
Ernest Edwards,eedwardsa1@imageshack.us
Sara Gonzales,sgonzalesa2@constantcontact.com
Henry Montgomery,hmontgomerya3@time.com
Sara Morrison,smorrisona4@ning.com
Arthur Hunt,ahunta5@a8.net
Julia Mcdonald,jmcdonalda6@ibm.com
Johnny Reyes,jreyesa7@youtu.be
Marie Torres,mtorresa8@patch.com
Marilyn Gray,mgraya9@angelfire.com
Joyce Washington,jwashingtonaa@shop-pro.jp
Kathryn Patterson,kpattersonab@cisco.com
Walter Andrews,wandrewsac@elegantthemes.com
Steven Cruz,scruzad@cornell.edu
Brenda Dixon,bdixonae@whitehouse.gov
Kelly Price,kpriceaf@patch.com
Patrick Coleman,pcolemanag@nbcnews.com
Jonathan Jackson,jjacksonah@cdc.gov
Linda Johnston,ljohnstonai@wufoo.com
Gerald Frazier,gfrazieraj@sbwire.com
Jacqueline Reed,jreedak@reuters.com
Brenda Robertson,brobertsonal@nasa.gov
William Mitchell,wmitchellam@cam.ac.uk
Joe Schmidt,jschmidtan@bloomberg.com
Kenneth Austin,kaustinao@cyberchimps.com
Joyce Hamilton,jhamiltonap@tripadvisor.com
Dorothy Freeman,dfreemanaq@redcross.org
Billy Gutierrez,bgutierrezar@usa.gov
Dorothy Stevens,dstevensas@thetimes.co.uk
Earl Greene,egreeneat@stumbleupon.com
Daniel Fisher,dfisherau@cafepress.com
Joan Murphy,jmurphyav@ameblo.jp
Ruby Elliott,relliottaw@purevolume.com
Todd Sims,tsimsax@wikispaces.com
Ruby Rodriguez,rrodriguezay@barnesandnoble.com
Frances Henderson,fhendersonaz@deliciousdays.com
Christina Matthews,cmatthewsb0@skype.com
Ann Austin,aaustinb1@noaa.gov
Victor Hamilton,vhamiltonb2@wix.com
Bonnie Matthews,bmatthewsb3@zdnet.com
Jesse Perry,jperryb4@aboutads.info
Stephen Williamson,swilliamsonb5@goo.gl
Katherine Jenkins,kjenkinsb6@amazonaws.com
George Robertson,grobertsonb7@tripod.com
Sandra Garrett,sgarrettb8@abc.net.au
Ralph Lawson,rlawsonb9@printfriendly.com
Michael Bennett,mbennettba@pen.io
Philip Morales,pmoralesbb@about.me
Scott Lopez,slopezbc@w3.org
Jose Bell,jbellbd@pcworld.com
Stephanie Berry,sberrybe@histats.com
Samuel Kelley,skelleybf@g.co
Teresa Cooper,tcooperbg@mediafire.com
Anthony Oliver,aoliverbh@studiopress.com
Jane Baker,jbakerbi@artisteer.com
Bruce Stevens,bstevensbj@reverbnation.com
Juan Hansen,jhansenbk@topsy.com
Eric Gutierrez,egutierrezbl@loc.gov
Gerald Long,glongbm@github.com
Randy Moore,rmoorebn@comcast.net
Angela Wood,awoodbo@loc.gov
Frank Hudson,fhudsonbp@wix.com
Douglas Morales,dmoralesbq@hp.com
Chris Carroll,ccarrollbr@furl.net
George Pierce,gpiercebs@is.gd
Anna Reynolds,areynoldsbt@amazonaws.com
Marilyn Berry,mberrybu@tamu.edu
Bruce Mitchell,bmitchellbv@deliciousdays.com
Alan Jacobs,ajacobsbw@creativecommons.org
Judith Lane,jlanebx@google.com.br
Shirley Turner,sturnerby@about.me
Samuel Pierce,spiercebz@posterous.com
Martha Alexander,malexanderc0@goo.gl
Andrea Parker,aparkerc1@sun.com
Paul Greene,pgreenec2@foxnews.com
Barbara Chapman,bchapmanc3@uol.com.br
Russell Johnston,rjohnstonc4@artisteer.com
Joseph Arnold,jarnoldc5@quantcast.com
Marie Diaz,mdiazc6@bloomberg.com
Eugene Reyes,ereyesc7@yale.edu
Tammy Mills,tmillsc8@domainmarket.com
Nancy Spencer,nspencerc9@house.gov
Betty Hughes,bhughesca@theguardian.com
Carl Kelly,ckellycb@engadget.com
Carl Green,cgreencc@pbs.org
Judy Hunt,jhuntcd@webmd.com
Lillian Romero,lromeroce@tuttocitta.it
Michael Bowman,mbowmancf@webnode.com
Lori Nguyen,lnguyencg@howstuffworks.com
Andrew Montgomery,amontgomerych@ask.com
Andrew Fox,afoxci@oracle.com
Sharon Chavez,schavezcj@addtoany.com
Dennis Dixon,ddixonck@vimeo.com
Daniel Baker,dbakercl@dion.ne.jp
Joan Ward,jwardcm@independent.co.uk
Todd Little,tlittlecn@walmart.com
Ernest Thompson,ethompsonco@dagondesign.com
Eric Mills,emillscp@examiner.com
Johnny Bradley,jbradleycq@miitbeian.gov.cn
Steven Barnes,sbarnescr@constantcontact.com
Judith Gray,jgraycs@tuttocitta.it
Howard Pierce,hpiercect@senate.gov
Susan Garza,sgarzacu@wired.com
Chris Morales,cmoralescv@alexa.com
Earl Greene,egreenecw@mozilla.org
Denise Howard,dhowardcx@discuz.net
Anna Stewart,astewartcy@nationalgeographic.com
Heather Cook,hcookcz@umn.edu
Robin Snyder,rsnyderd0@admin.ch
Patrick Riley,prileyd1@freewebs.com
Karen West,kwestd2@tinyurl.com
Teresa Stewart,tstewartd3@usnews.com
Carol Wagner,cwagnerd4@hao123.com
Willie Oliver,woliverd5@gnu.org
Joseph Carter,jcarterd6@whitehouse.gov
Elizabeth Fowler,efowlerd7@4shared.com
Ronald Harris,rharrisd8@blogspot.com
Aaron Phillips,aphillipsd9@youku.com
Mildred Kelly,mkellyda@fotki.com
Doris Nelson,dnelsondb@pinterest.com
Gerald Rodriguez,grodriguezdc@archive.org
Kathy Martin,kmartindd@army.mil
Ryan West,rwestde@netvibes.com
Louise Graham,lgrahamdf@icio.us
Adam Powell,apowelldg@nba.com
William Greene,wgreenedh@tuttocitta.it
Janet Arnold,jarnolddi@elegantthemes.com
Pamela George,pgeorgedj@gravatar.com
Gregory Hansen,ghansendk@scribd.com
Lori Simpson,lsimpsondl@blogspot.com
Patrick Cunningham,pcunninghamdm@pagesperso-orange.fr
Brenda Burke,bburkedn@narod.ru
Joseph Boyd,jboyddo@sitemeter.com
Anna Bryant,abryantdp@imageshack.us
Sara Cox,scoxdq@mail.ru
Melissa Rodriguez,mrodriguezdr@arstechnica.com
Frank Hart,fhartds@globo.com
Terry Johnson,tjohnsondt@fastcompany.com
Kenneth Harper,kharperdu@wiley.com
Carol Nichols,cnicholsdv@soundcloud.com
Howard Ray,hraydw@google.pl
Howard Ray,hraydw@google.pl
Howard Ray,hraydw@google.pl
Howard Ray,hraydw@google.pl
Howard Ray,hraydw@google.pl
